id,name,email,phone,address,createdAt
be2fdf9d-d003-4b5b-9014-334326bdc40a,Julio Paucek-Sipes,Henri.Mohr-Ernser@hotmail.com,559.577.8568 x469,627 Gregg Pines,2026-07-07 14:53:17.381
c19438f4-58e6-4792-8b4b-6cf2ebfe266b,Mona Altenwerth,Alejandra_Hammes28@yahoo.com,776-947-8286,8636 Amara Knolls,2026-07-07 14:53:17.381
dc508719-c226-4657-b2d7-81e10b127599,Tara Durgan,Mallie68@yahoo.com,347-634-8618 x39389,24236 N State Street,2026-07-07 14:53:17.381
fd27db13-d0e6-4a55-9791-893a20d8d7d7,Antoinette Kohler Jr.,Laura_Botsford@yahoo.com,(203) 245-1856 x92592,16261 Feest Rapids,2026-07-07 14:53:17.381
d7fdb92f-1275-4d38-846c-6924fbf43f33,Kelvin Robel,Martin_Conroy@yahoo.com,694.757.3376,1351 Flossie Tunnel,2026-07-07 14:53:17.381
976437c1-e84c-41ff-8053-5469ee5a4cf5,Victor Lakin,Carroll51@gmail.com,397-870-7124 x601,355 E 2nd Street,2026-07-07 14:53:17.381
ccf07143-b20c-4511-a2af-a5c0cf37b2f2,Dell Bruen,Archie.Koss77@gmail.com,(942) 737-3159 x98178,17993 Steven Lake,2026-07-07 14:53:17.381
1121ee17-0045-43fa-9fc1-b9c537a4096e,Zoila Kiehn,Jacklyn_Krajcik@yahoo.com,(704) 426-4143 x76111,168 Fadel Plains,2026-07-07 14:53:17.381
f04c07e2-3066-49af-a741-3666c85bf97f,Koby Veum,Herminia93@hotmail.com,(600) 825-2733 x478,910 Art Light,2026-07-07 14:53:17.381
72683546-338f-487b-ae65-f59133cb633a,Valentine Pfeffer,Kristine.Kuhic-Schaefer20@yahoo.com,1-644-839-9602,709 Mohr Well,2026-07-07 14:53:17.381
7883996c-ae1b-4ddb-847c-fcaf79615e81,Heaven Wiza I,Blake.Hessel@hotmail.com,(611) 749-1429,891 Hickory Street,2026-07-07 14:53:17.381
f81a2c31-967c-487c-88ff-3b74588e4a2e,Simone Mills,Dayana.Kuvalis@hotmail.com,944-283-9198 x920,8955 Kris Junction,2026-07-07 14:53:17.381
c1d52502-b3bf-4b9c-a8cf-11af04495a4c,King Gutkowski,Nettie23@hotmail.com,652.630.4029 x258,27122 Barton Road,2026-07-07 14:53:17.381
4f672b02-ac8f-4cab-b6d1-4ddf90e55487,Rachael Powlowski,Howard6@yahoo.com,1-636-952-0027,6888 Karlie Knoll,2026-07-07 14:53:17.381
f1fcda88-e631-463f-83e2-193979b54ab9,Audreanne Schaden I,Aurore62@yahoo.com,1-694-888-9418 x139,70151 Lavada Rapids,2026-07-07 14:53:17.381
ae7cd7f9-af2e-4c73-85ae-5413803a0553,Cedric Price,Ethel.Bernier@gmail.com,795-988-1461 x302,40306 Maegan Forges,2026-07-07 14:53:17.381
8a10fbd6-82a5-4883-bad6-c19b833ccf79,Blake Murphy,Lloyd_Bahringer24@gmail.com,855-295-4516 x7940,4818 E 6th Street,2026-07-07 14:53:17.381
fb47f407-80e8-4196-92a6-cf0a844daee5,Tatyana Mertz,Antoinette.Mills@yahoo.com,1-415-202-3953 x6402,598 Clayton Well,2026-07-07 14:53:17.381
93fddc2c-3039-42e6-bcb7-7ded20ca278a,Kyle Boyer,Tomas.Smitham90@yahoo.com,1-703-239-5970 x9728,859 W Market Street,2026-07-07 14:53:17.381
ac9ed6fc-b97c-43b7-9aab-f2c8cc90fb54,Mr. Nick Harber,Amos_McCullough78@yahoo.com,488-718-1959 x887,7372 Anita Circle,2026-07-07 14:53:17.381
5a5024e2-4f38-42b1-8170-0ba7a522db0f,Hildegard Adams PhD,Sandra_Watsica@yahoo.com,(693) 960-8076 x524,331 Alyssa Ranch,2026-07-07 14:53:17.381
3b4e2804-3424-462c-b41b-6d188a2f511f,Freda Langosh,Damian68@hotmail.com,999-492-0833 x43527,68493 Shemar Station,2026-07-07 14:53:17.381
3c15957f-8f27-4135-9184-e74463a8534d,Jett Flatley,Fleta_Sipes@hotmail.com,419-757-3192 x90382,1922 Jennie Inlet,2026-07-07 14:53:17.381
1ce72e02-6921-427b-ae8b-bd5646e7a08a,Mario Hickle,Jorge35@gmail.com,(511) 966-0724 x9376,9259 Joann Ramp,2026-07-07 14:53:17.381
6d75842d-593c-437b-8758-6a18ab1f48be,Mildred Reynolds,Cassandre_DAmore50@hotmail.com,(463) 584-8245 x0441,7271 Hane Dale,2026-07-07 14:53:17.381
f9cac64b-2ed1-4723-bb86-cbd947ba825c,Leigh Veum PhD,Cynthia.Windler@hotmail.com,792-528-4531,97939 Dickinson Drives,2026-07-07 14:53:17.381
62e3471e-bd94-436f-ad85-c64a6257fe24,Jeanne Dickinson,Julianne_Kulas40@gmail.com,(683) 310-3521 x10461,895 S Oak Street,2026-07-07 14:53:17.381
68fe4c61-f0c2-4a9e-8966-dc3ea4c4be82,Itzel Greenholt,Jedediah_Lakin@yahoo.com,1-915-562-8708 x5636,132 Miller Hills,2026-07-07 14:53:17.381
25247299-1ef2-4488-b023-8b9d9b4eba73,Doug Douglas II,Lynda7@gmail.com,242.797.9162 x27749,70712 Adan Dale,2026-07-07 14:53:17.381
f43cf8b4-e050-4649-9d12-7d9297f0dc2b,Wayne Rosenbaum,Lilla.Keeling77@yahoo.com,929-438-4781 x67672,3508 Schneider Ramp,2026-07-07 14:53:17.381
92f769b9-8eeb-4d83-a7c7-9d1f815d42ef,John Crona,Romaine.Ferry1@yahoo.com,1-698-692-9110 x1339,8535 Natasha Gardens,2026-07-07 14:53:17.381
e2fa1391-97ce-42c4-b0e5-9e0f06db1e34,Juana O'Connell,Scotty.Casper55@yahoo.com,633.942.9203 x298,114 Ruecker Village,2026-07-07 14:53:17.381
96130b45-4d6b-44d6-894f-3fd8efeac320,Myra Treutel,Ernestine_Jacobs16@gmail.com,971.328.9137,26013 Lorenzo Island,2026-07-07 14:53:17.381
dddd4daa-90cd-4ed6-ac3b-92b3bf670413,Rubye Reichert,Melba.Reinger82@gmail.com,530-362-4905 x9536,462 Jefferson Street,2026-07-07 14:53:17.381
06441788-c70b-4ee3-a8bf-4f5375727d4e,Clayton Raynor,Torrance.Hayes@yahoo.com,(396) 875-0641 x710,5477 Columbia Avenue,2026-07-07 14:53:17.381
d8947355-c3b8-41f6-ae8e-c41c371742b9,Miss Bonita Kreiger,Dariana75@yahoo.com,1-370-300-6916,21468 S Elm Street,2026-07-07 14:53:17.381
b527b7bd-ef27-4f92-a324-07cbc4345536,Christy Kilback,Lynette_Rogahn@gmail.com,(643) 464-3436 x67197,562 Finn Ports,2026-07-07 14:53:17.381
5c89aac5-2229-4820-90a6-e4aac567f593,Cecelia Jast,Marsha_Rowe@yahoo.com,784.682.9355,767 Lora Burgs,2026-07-07 14:53:17.381
b8aabfde-8fdc-407b-84b2-4ffe08274b0e,Casper Rolfson,Jennie20@yahoo.com,800-566-3216 x1527,3399 Woodlands Close,2026-07-07 14:53:17.381
cb4ee213-8680-4c5f-aaba-2aa3227a5635,Gennaro Waters,Norberto76@hotmail.com,826-576-4590 x21488,521 St Andrew's Road,2026-07-07 14:53:17.381
928d413a-0f80-4c40-961a-dadf8c4d03b4,Esteban Ratke,Rosalie_Cummerata-Heaney@gmail.com,1-901-982-9211 x729,280 Willow Street,2026-07-07 14:53:17.381
92102421-9c6d-4e3a-bbc4-f535a940b3ac,Miss Connie Ankunding,Kirk3@gmail.com,(558) 314-3226,19444 Stuart Lights,2026-07-07 14:53:17.381
4b5b82de-1622-438a-891e-1adbd46fc182,Antone Kilback,Adriel_Krajcik-Becker69@yahoo.com,244-242-5977 x8226,7366 Monahan Shore,2026-07-07 14:53:17.381
ea53bf88-9209-4e75-a9c8-7a99892d83bf,Miss Hazel Wiza,Chad33@hotmail.com,(394) 290-0248,10921 Wm Lake,2026-07-07 14:53:17.381
0e1a72f4-28a3-49fe-9752-03e252b141cf,Glenn Stehr,Ellen74@yahoo.com,774-254-1589 x68040,812 Russel Turnpike,2026-07-07 14:53:17.381
6b87c36a-1f2d-4f97-9d07-3cabadcb50fa,Dr. Kenyon Swaniawski,Elouise_Nikolaus@gmail.com,640.714.8953 x799,4733 The Laurels,2026-07-07 14:53:17.381
6ba0e334-150e-4437-8903-3899045dd660,Mr. Brandon Hagenes,Olaf49@hotmail.com,(415) 429-5959 x3077,4968 Ondricka Underpass,2026-07-07 14:53:17.381
90656616-5b8e-4f34-8d27-f441b59ba019,Mr. Owen Hackett IV,Emely.OReilly45@yahoo.com,544.397.6163 x77339,484 Matilda Parkways,2026-07-07 14:53:17.381
c38cf2cc-bd56-4ed8-90b9-2d4a18130b60,Bulah Emmerich,Heidi51@gmail.com,815.835.5805 x8814,35670 Laurence Points,2026-07-07 14:53:17.381
fdedc65c-bb48-41d6-b2f3-d50dacc068bd,Mr. Alexandre Mohr,James64@hotmail.com,401-775-8149 x8749,89418 Jane Park,2026-07-07 14:53:17.381
